{
    "version": 8,
    "name": "beijing",
    "sources": {
        "vector-tiles": {
            "type": "vector",
            "tiles": ["http://iclient.supermap.io/iserver/services/map-beijing/rest/maps/beijingMap/tileFeature.mvt?returnAttributes=true&compressTolerance=-1&width=512&height=512&viewBounds={bbox-epsg-3857}&expands=0:0_2,132_128,138_64,141_32,143_16,145_8,147_4"]
        }
    },
    "sprite": "http://iclient.supermap.io/web/styles/street/sprite",
    "glyphs": "http://iclient.supermap.io/iserver/services/map-beijing/rest/maps/beijingMap/tileFeature/sdffonts/{fontstack}/{range}.pbf",
    "layers": [{
        "id": "background",
        "type": "background",
        "layout": {},
        "paint": {
            "background-color": "#f8f4f0"
        }
    },

    {
        "id": "单值专题图#1",
        "type": "line",
        "source": "vector-tiles",
        "source-layer": "单值专题图#1",
        "layout": {
            "line-join": "round"
        },
        "paint": {
            "line-color": "#9e9cab",
            "line-dasharray": [
                3,
                1,
                1,
                1
            ],
            "line-width": {
                "base": 1.4,
                "stops": [
                    [
                        4,
                        0.4
                    ],
                    [
                        5,
                        1
                    ],
                    [
                        12,
                        3
                    ]
                ]
            }
        }
    },
    {
        "id": "立交桥绿地R@北京",
        "type": "fill",
        "source": "vector-tiles",
        "source-layer": "立交桥绿地R@北京",
        "paint": {
            "fill-color": "#6a4",
            "fill-opacity": 0.1,
            "fill-outline-color": "hsla(0, 0%, 0%, 0.03)",
            "fill-antialias": true
        }
    },
    {
        "id": "绿地R@北京",
        "type": "fill",
        "source": "vector-tiles",
        "source-layer": "绿地R@北京",
        "paint": {
            "fill-color": "#d8e8c8",
            "fill-opacity": 1
        }
    },
    {
        "id": "双线河R@北京",
        "type": "fill",
        "source": "vector-tiles",
        "source-layer": "双线河R@北京",
        "paint": {
            "fill-color": "hsl(210, 67%, 85%)"
        }
    },
    {
        "id": "湖泊、水库R@北京",
        "type": "fill",
        "source": "vector-tiles",
        "source-layer": "湖泊、水库R@北京",
        "paint": {
            "fill-color": "hsl(210, 67%, 85%)"
        }
    },

    {
        "id": "四级道路L@北京1",
        "type": "line",
        "source": "vector-tiles",
        "source-layer": "四级道路L@北京",
        "layout": {
            "line-cap": "round",
            "line-join": "round"
        },
        "paint": {
            "line-color": "#cfcdca",
            "line-opacity": 1,
            "line-width": {
                "base": 1.2,
                "stops": [
                    [
                        12,
                        0.5
                    ],
                    [
                        13,
                        1
                    ],
                    [
                        14,
                        4
                    ],
                    [
                        20,
                        15
                    ]
                ]
            }
        }
    },
    {
        "id": "四级道路L@北京",
        "type": "line",
        "source": "vector-tiles",
        "source-layer": "四级道路L@北京",
        "layout": {
            "line-cap": "round",
            "line-join": "round"
        },
        "paint": {
            "line-color": "#fff",
            "line-opacity": 1,
            "line-width": {
                "base": 1.2,
                "stops": [
                    [
                        13.5,
                        0
                    ],
                    [
                        14,
                        2.5
                    ],
                    [
                        20,
                        11.5
                    ]
                ]
            }
        }
    },
    {
        "id": "三级道路L@北京1",
        "type": "line",
        "source": "vector-tiles",
        "source-layer": "三级道路L@北京",
        "layout": {
            "line-cap": "round",
            "line-join": "round"
        },
        "paint": {
            "line-color": "#cfcdca",
            "line-opacity": 1,
            "line-width": {
                "base": 1.2,
                "stops": [
                    [
                        12,
                        0.5
                    ],
                    [
                        13,
                        1
                    ],
                    [
                        14,
                        4
                    ],
                    [
                        20,
                        15
                    ]
                ]
            }
        }
    },
    {
        "id": "三级道路L@北京",
        "type": "line",
        "source": "vector-tiles",
        "source-layer": "三级道路L@北京",
        "layout": {
            "line-cap": "round",
            "line-join": "round"
        },
        "paint": {
            "line-color": "#fff",
            "line-opacity": 1,
            "line-width": {
                "base": 1.2,
                "stops": [
                    [
                        13.5,
                        0
                    ],
                    [
                        14,
                        2.5
                    ],
                    [
                        20,
                        11.5
                    ]
                ]
            }
        }
    },
    {
        "id": "二级道路L@北京",
        "type": "line",
        "source": "vector-tiles",
        "source-layer": "二级道路L@北京",
        "layout": {
            "line-cap": "round",
            "line-join": "round",
            "visibility": "visible"
        },
        "paint": {
            "line-color": "#e9ac77",
            "line-opacity": 1,
            "line-width": {
                "base": 1.2,
                "stops": [
                    [
                        8,
                        1.5
                    ],
                    [
                        20,
                        17
                    ]
                ]
            }
        }
    },
    {
        "id": "二级道路L@北京1",
        "type": "line",
        "source": "vector-tiles",
        "source-layer": "二级道路L@北京",
        "layout": {
            "line-cap": "round",
            "line-join": "round",
            "visibility": "visible"
        },
        "paint": {
            "line-color": "#fea",
            "line-width": {
                "base": 1.2,
                "stops": [
                    [
                        8,
                        0.5
                    ],
                    [
                        20,
                        13
                    ]
                ]
            }
        }
    },
    {
        "id": "一级道路L@北京",
        "type": "line",
        "source": "vector-tiles",
        "source-layer": "一级道路L@北京",
        "layout": {
            "line-cap": "round",
            "line-join": "round",
            "visibility": "visible"
        },
        "paint": {
            "line-color": "#e9ac77",
            "line-opacity": 1,
            "line-width": {
                "base": 1.2,
                "stops": [
                    [
                        7,
                        1.5
                    ],
                    [
                        20,
                        22
                    ]
                ]
            }
        }
    },
    {
        "id": "一级道路L@北京1",
        "type": "line",
        "source": "vector-tiles",
        "source-layer": "一级道路L@北京",
        "layout": {
            "line-cap": "round",
            "line-join": "round",
            "visibility": "visible"
        },
        "paint": {
            "line-color": "#fea",
            "line-width": {
                "base": 1.2,
                "stops": [
                    [
                        7,
                        0.5
                    ],
                    [
                        20,
                        18
                    ]
                ]
            }
        }
    },
    {
        "id": "省道L@北京",
        "type": "line",
        "source": "vector-tiles",
        "source-layer": "省道L@北京",
        "paint": {
            "line-color": "#e9ac77",
            "line-opacity": {
                "stops": [
                    [
                        5,
                        0
                    ],
                    [
                        6,
                        1
                    ]
                ]
            },
            "line-width": {
                "base": 1.2,
                "stops": [
                    [
                        7,
                        1.5
                    ],
                    [
                        20,
                        22
                    ]
                ]
            }
        }
    },
    {
        "id": "省道L@北京1",
        "type": "line",
        "source": "vector-tiles",
        "source-layer": "省道L@北京",
        "layout": {
            "line-cap": "round",
            "line-join": "round",
            "visibility": "visible"
        },
        "paint": {
            "line-color": "#fea",
            "line-width": {
                "base": 1.2,
                "stops": [
                    [
                        7,
                        0.5
                    ],
                    [
                        20,
                        18
                    ]
                ]
            }
        }
    },
    {
        "id": "高速公路L@北京",
        "type": "line",
        "source": "vector-tiles",
        "source-layer": "高速公路L@北京",
        "layout": {
            "line-cap": "round",
            "line-join": "round",
            "visibility": "visible"
        },
        "paint": {
            "line-color": "#e9ac77",
            "line-width": {
                "base": 1.2,
                "stops": [
                    [
                        7,
                        1.5
                    ],
                    [
                        20,
                        22
                    ]
                ]
            },
            "line-opacity": 1
        }
    },
    {
        "id": "高速公路L@北京1",
        "type": "line",
        "source": "vector-tiles",
        "source-layer": "高速公路L@北京",
        "layout": {
            "line-cap": "round",
            "line-join": "round",
            "visibility": "visible"
        },
        "paint": {
            "line-color": "#fc8",
            "line-width": {
                "base": 1.2,
                "stops": [
                    [
                        7,
                        0.5
                    ],
                    [
                        20,
                        18
                    ]
                ]
            }
        }
    },


    {
        "id": "标签专题图#10",
        "type": "symbol",
        "source": "vector-tiles",
        "source-layer": "标签专题图#10",
        "maxzoom":12,
        "layout": {
            "text-offset": [-1.5, -0.5],
            "text-anchor": "bottom-left",
            "text-field": "{NAME}",
            "text-max-width": 7,
            "text-font": [
                "DIN Offc Pro Medium",
                "Arial Unicode MS Regular"
            ],
            "text-size": 22
        },
        "paint": {
            "text-color": "hsl(230, 8%, 62%)",
            "text-halo-color": "#ffffff",
            "text-halo-width": 1,
            "text-halo-blur": 1
        }

    },
    {
        "id": "标签专题图#64",
        "type": "symbol",
        "source": "vector-tiles",
        "source-layer": "标签专题图#64",
        "minzoom":14,
        "layout": {
            "text-offset": [-1.5, -0.5],
            "text-anchor": "bottom-left",
            "text-field": "{NAME}",
            "text-max-width": 7,
            "text-size": 14
        },
        "paint": {
            "text-color": "hsl(26, 25%, 32%)",
            "text-halo-color": "#ffffff",
            "text-halo-width": 1,
            "text-halo-blur": 1
        }

    },
    {
        "id": "四级道路Name",
        "type": "symbol",
        "source": "vector-tiles",
        "source-layer": "四级道路L@北京",
        "minzoom":15,
        "layout": {
            "text-size": {
                "base": 1,
                "stops": [
                    [
                        13,
                        12
                    ],
                    [
                        14,
                        13
                    ]
                ]
            },
            "text-field": "{道路名称}",
            "symbol-placement": "line",
            "text-rotation-alignment": "map"
        },
        "paint": {
            "text-halo-blur": 0.5,
            "text-color": "#765",
            "text-halo-width": 1
        }
    },
    {
        "id": "三级道路Name",
        "type": "symbol",
        "source": "vector-tiles",
        "source-layer": "三级道路L@北京",
        "layout": {
            "text-size": {
                "base": 1,
                "stops": [
                    [
                        13,
                        12
                    ],
                    [
                        14,
                        13
                    ]
                ]
            },
            "text-field": "{道路名称}",
            "symbol-placement": "line",
            "text-rotation-alignment": "map"
        },
        "paint": {
            "text-halo-blur": 0.5,
            "text-color": "#765",
            "text-halo-width": 1
        }
    },
    {
        "id": "二级道路Name",
        "type": "symbol",
        "source": "vector-tiles",
        "source-layer": "二级道路L@北京",
        "layout": {
            "text-size": {
                "base": 1,
                "stops": [
                    [
                        13,
                        12
                    ],
                    [
                        14,
                        13
                    ]
                ]
            },
            "text-field": "{道路名称}",
            "symbol-placement": "line",
            "text-rotation-alignment": "map"
        },
        "paint": {
            "text-halo-blur": 0.5,
            "text-color": "#765",
            "text-halo-width": 1
        }
    },
    {
        "id": "一级道路Name",
        "type": "symbol",
        "source": "vector-tiles",
        "minzoom":14,
        "source-layer": "一级道路L@北京",
        "layout": {
            "text-size": {
                "base": 1,
                "stops": [
                    [
                        13,
                        12
                    ],
                    [
                        14,
                        13
                    ]
                ]
            },
            "text-field": "{道路名称}",
            "symbol-placement": "line",
            "text-rotation-alignment": "map"
        },
        "paint": {
            "text-halo-blur": 0.5,
            "text-color": "#765",
            "text-opacity": {
                "base": 1,
                "stops": [
                    [
                        13.99,
                        0
                    ],
                    [
                        14,
                        1
                    ]
                ]
            },
            "text-halo-width": 1
        }
    },
    {
        "id": "省道Name",
        "type": "symbol",
        "source": "vector-tiles",
        "source-layer": "省道L@北京",
        "layout": {
            "text-size": {
                "base": 1,
                "stops": [
                    [
                        13,
                        12
                    ],
                    [
                        14,
                        13
                    ]
                ]
            },
            "text-field": "{道路名称}",
            "symbol-placement": "line",
            "text-rotation-alignment": "map"
        },
        "paint": {
            "text-halo-blur": 0.5,
            "text-color": "#765",
            "text-halo-width": 1,
            "text-opacity": {
                "base": 1,
                "stops": [
                    [
                        12.99,
                        0
                    ],
                    [
                        13,
                        1
                    ]
                ]
            }
        }
    },

    {
        "id": "立交桥名称P@北京",
        "type": "symbol",
        "source": "vector-tiles",
        "source-layer": "立交桥名称P@北京",
        "layout": {
            "text-offset": [-1, -1],
            "text-anchor": "bottom",
            "text-field": "{NAME}",
            "text-size": 12
        },
        "paint": {
            "text-color": "#666",
            "text-opacity": 1,
            "text-halo-color": "#ffffff",
            "text-halo-width": 1,
            "text-halo-blur": 1
        }

    },
    {
        "id": "长途汽车站@北京",
        "type": "symbol",
        "source": "vector-tiles",
        "source-layer": "长途汽车站@北京",
        "layout": {
            "icon-image": "bus_11",
            "text-offset": [-1, -1],
            "text-anchor": "bottom",
            "text-field": "{NAME}",
            "text-size": 12
        },
        "paint": {
            "text-color": "#666",
            "text-opacity": 1,
            "text-halo-color": "#ffffff",
            "text-halo-width": 1,
            "text-halo-blur": 1
        }

    },
    {
        "id": "图书馆@北京",
        "type": "symbol",
        "source": "vector-tiles",
        "source-layer": "图书馆@北京",
        "layout": {
            "icon-image": "library_11",
            "text-offset": [-1, -1],
            "text-anchor": "bottom",
            "text-field": "{NAME}",
            "text-size": 12
        },
        "paint": {
            "text-color": "#666",
            "text-opacity": 1,
            "text-halo-color": "#ffffff",
            "text-halo-width": 1,
            "text-halo-blur": 1
        }

    },
    {
        "id": "公园@北京",
        "type": "symbol",
        "source": "vector-tiles",
        "source-layer": "公园@北京",
        "layout": {
            "icon-image": "park_11",
            "text-offset": [0, -0.5],
            "text-anchor": "bottom",
            "text-field": "{NAME}",
            "text-size": 12
        },
        "paint": {
            "text-color": "#666",
            "text-opacity": 1,
            "text-halo-color": "#ffffff",
            "text-halo-width": 1,
            "text-halo-blur": 1
        }

    },
    {
        "id": "综合性广场@北京",
        "type": "symbol",
        "source": "vector-tiles",
        "source-layer": "综合性广场@北京",
        "layout": {
            "icon-image": "campsite_11",
            "text-offset": [0, -0.5],
            "text-anchor": "bottom",
            "text-field": "{NAME}",
            "text-size": 12
        },
        "paint": {
            "text-color": "#666",
            "text-opacity": 1,
            "text-halo-color": "#ffffff",
            "text-halo-width": 1,
            "text-halo-blur": 1
        }

    },
    {
        "id": "旅游景点@北京",
        "type": "symbol",
        "source": "vector-tiles",
        "source-layer": "旅游景点@北京",
        "layout": {
            "icon-image": "volcano_11",
            "text-offset": [0, -0.5],
            "text-anchor": "bottom",
            "text-field": "{NAME}",
            "text-size": 12
        },
        "paint": {
            "text-color": "#666",
            "text-opacity": 1,
            "text-halo-color": "#ffffff",
            "text-halo-width": 1,
            "text-halo-blur": 1
        }

    },
    {
        "id": "医疗卫生@北京",
        "type": "symbol",
        "source": "vector-tiles",
        "source-layer": "医疗卫生@北京",
        "layout": {
            "icon-image": "hospital_11",
            "text-offset": [0, -0.5],
            "text-anchor": "bottom",
            "text-field": "{NAME}",
            "text-size": 12
        },
        "paint": {
            "text-color": "#666",
            "text-opacity": 1,
            "text-halo-color": "#ffffff",
            "text-halo-width": 1,
            "text-halo-blur": 1
        }

    },
    {
        "id": "娱乐场所@北京",
        "type": "symbol",
        "source": "vector-tiles",
        "source-layer": "娱乐场所@北京",
        "layout": {
            "icon-image": "amusement_park_11",
            "text-offset": [0, -0.5],
            "text-anchor": "bottom",
            "text-field": "{NAME}",
            "text-size": 12
        },
        "paint": {
            "text-color": "#666",
            "text-opacity": 1,
            "text-halo-color": "#ffffff",
            "text-halo-width": 1,
            "text-halo-blur": 1
        }

    },
    {
        "id": "大厦@北京",
        "type": "symbol",
        "source": "vector-tiles",
        "source-layer": "大厦@北京",
        "layout": {
            "icon-image": "picnic_site_11",
            "text-offset": [0, -0.5],
            "text-anchor": "bottom",
            "text-field": "{NAME}",
            "text-size": 12
        },
        "paint": {
            "text-color": "#666",
            "text-opacity": 1,
            "text-halo-color": "#ffffff",
            "text-halo-width": 1,
            "text-halo-blur": 1
        }

    },
    {
        "id": "文化场所@北京",
        "type": "symbol",
        "source": "vector-tiles",
        "source-layer": "文化场所@北京",
        "layout": {
            "icon-image": "art_gallery_11",
            "text-offset": [0, -0.5],
            "text-anchor": "bottom",
            "text-field": "{NAME}",
            "text-size": 12
        },
        "paint": {
            "text-color": "#666",
            "text-opacity": 1,
            "text-halo-color": "#ffffff",
            "text-halo-width": 1,
            "text-halo-blur": 1
        }

    },
    {
        "id": "运动场所@北京",
        "type": "symbol",
        "source": "vector-tiles",
        "source-layer": "运动场所@北京",
        "layout": {
            "icon-image": "bicycle_share_11",
            "text-offset": [0, -0.5],
            "text-anchor": "bottom",
            "text-field": "{NAME}",
            "text-size": 12
        },
        "paint": {
            "text-color": "#666",
            "text-opacity": 1,
            "text-halo-color": "#ffffff",
            "text-halo-width": 1,
            "text-halo-blur": 1
        }

    },
    {
        "id": "交通运输@北京",
        "type": "symbol",
        "source": "vector-tiles",
        "source-layer": "交通运输@北京",
        "layout": {
            "icon-image": "bakery_11",
            "text-offset": [0, -0.5],
            "text-anchor": "bottom",
            "text-field": "{NAME}",
            "text-size": 12
        },
        "paint": {
            "text-color": "#666",
            "text-opacity": 1,
            "text-halo-color": "#ffffff",
            "text-halo-width": 1,
            "text-halo-blur": 1
        }

    },
    {
        "id": "其它@北京",
        "type": "symbol",
        "source": "vector-tiles",
        "source-layer": "其它@北京",
        "layout": {
            "icon-image": "toilet_11",
            "text-offset": [0, -0.5],
            "text-anchor": "bottom",
            "text-field": "{NAME}",
            "text-size": 12
        },
        "filter": [
            "==",
            "NAME",
            "公厕"
        ],
        "paint": {
            "text-color": "#666",
            "text-opacity": 1,
            "text-halo-color": "#ffffff",
            "text-halo-width": 1,
            "text-halo-blur": 1
        }

    },
    {
        "id": "服务行业@北京",
        "type": "symbol",
        "source": "vector-tiles",
        "source-layer": "服务行业@北京",
        "layout": {
            "icon-image": "embassy_11",
            "text-offset": [0, -0.5],
            "text-anchor": "bottom",
            "text-field": "{NAME}",
            "text-size": 12
        },
        "paint": {
            "text-color": "#666",
            "text-opacity": 1,
            "text-halo-color": "#ffffff",
            "text-halo-width": 1,
            "text-halo-blur": 1
        }

    },
    {
        "id": "其它@北京2",
        "type": "symbol",
        "source": "vector-tiles",
        "source-layer": "其它@北京",
        "layout": {
            "icon-image": "car_11",
            "text-offset": [0, -0.5],
            "text-anchor": "bottom",
            "text-field": "{NAME}",
            "text-size": 12
        },
        "filter": [
            "==",
            "NAME",
            "停车场"
        ],
        "paint": {
            "text-color": "#666",
            "text-opacity": 1,
            "text-halo-color": "#ffffff",
            "text-halo-width": 1,
            "text-halo-blur": 1
        }

    },
    {
        "id": "邮政电信@北京",
        "type": "symbol",
        "source": "vector-tiles",
        "source-layer": "邮政电信@北京",
        "layout": {
            "icon-image": "post_11",
            "text-offset": [0, -0.5],
            "text-anchor": "bottom",
            "text-field": "{NAME}",
            "text-size": 10,
            "text-max-width": 18
        },

        "paint": {
            "text-color": "#666",
            "text-opacity": 1,
            "text-halo-color": "#ffffff",
            "text-halo-width": 1,
            "text-halo-blur": 1
        }

    },
    {
        "id": "商场@北京",
        "type": "symbol",
        "source": "vector-tiles",
        "source-layer": "商场@北京",
        "layout": {
            "icon-image": "grocery_11",
            "text-offset": [0, -0.5],
            "text-anchor": "bottom",
            "text-field": "{NAME}",
            "text-size": 12
        },
        "paint": {
            "text-color": "#666",
            "text-opacity": 1,
            "text-halo-color": "#ffffff",
            "text-halo-width": 1,
            "text-halo-blur": 1
        }

    },
    {
        "id": "综合性商店@北京",
        "type": "symbol",
        "source": "vector-tiles",
        "source-layer": "综合性商店@北京",
        "layout": {
            "icon-image": "grocery_11",
            "text-offset": [0, -0.5],
            "text-anchor": "bottom",
            "text-field": "{NAME}",
            "text-size": 12
        },
        "paint": {
            "text-color": "#666",
            "text-opacity": 1,
            "text-halo-color": "#ffffff",
            "text-halo-width": 1,
            "text-halo-blur": 1
        }

    },
    {
        "id": "饭店@北京",
        "type": "symbol",
        "source": "vector-tiles",
        "source-layer": "饭店@北京",
        "layout": {
            "icon-image": "restaurant_11",
            "text-offset": [0, -0.5],
            "text-anchor": "bottom",
            "text-field": "{NAME}",
            "text-size": 12
        },
        "paint": {
            "text-color": "#666",
            "text-opacity": 1,
            "text-halo-color": "#ffffff",
            "text-halo-width": 1,
            "text-halo-blur": 1
        }

    },
    {
        "id": "加油站@北京",
        "type": "symbol",
        "source": "vector-tiles",
        "source-layer": "加油站@北京",
        "layout": {
            "icon-image": "fuel_11",
            "text-offset": [0, -0.5],
            "text-anchor": "bottom",
            "text-field": "{NAME}",
            "text-size": 12
        },
        "paint": {
            "text-color": "#666",
            "text-opacity": 1,
            "text-halo-color": "#ffffff",
            "text-halo-width": 1,
            "text-halo-blur": 1
        }

    },
    {
        "id": "建筑@北京",
        "type": "symbol",
        "source": "vector-tiles",
        "source-layer": "建筑@北京",
        "layout": {
            "icon-image": "place_of_worship_11",
            "text-offset": [0, -0.5],
            "text-anchor": "bottom",
            "text-field": "{NAME}",
            "text-size": 12
        },
        "paint": {
            "text-color": "#666",
            "text-opacity": 1,
            "text-halo-color": "#ffffff",
            "text-halo-width": 1,
            "text-halo-blur": 1
        }

    },
    {
        "id": "码头@北京",
        "type": "symbol",
        "source": "vector-tiles",
        "source-layer": "码头@北京",
        "layout": {
            "icon-image": "harbor_11",
            "text-offset": [0, -0.5],
            "text-anchor": "bottom",
            "text-field": "{NAME}",
            "text-size": 12
        },
        "paint": {
            "text-color": "#666",
            "text-opacity": 1,
            "text-halo-color": "#ffffff",
            "text-halo-width": 1,
            "text-halo-blur": 1
        }

    },
    {
        "id": "机场@北京",
        "type": "symbol",
        "source": "vector-tiles",
        "source-layer": "机场@北京",
        "layout": {
            "icon-image": "airport_11",
            "text-offset": [0, -0.5],
            "text-anchor": "bottom",
            "text-field": "{NAME}",
            "text-size": 12
        },
        "paint": {
            "text-color": "#666",
            "text-opacity": 1,
            "text-halo-color": "#ffffff",
            "text-halo-width": 1,
            "text-halo-blur": 1
        }

    },
    {
        "id": "火车站@北京",
        "type": "symbol",
        "source": "vector-tiles",
        "source-layer": "火车站@北京",
        "layout": {
            "icon-image": "rail_15",
            "text-offset": [0, -0.5],
            "text-anchor": "bottom",
            "text-field": "{NAME}",
            "text-size": 12
        },
        "paint": {
            "text-color": "#666",
            "text-opacity": 1,
            "text-halo-color": "#ffffff",
            "text-halo-width": 1,
            "text-halo-blur": 1
        }

    },
    {
        "id": "地名@北京",
        "type": "symbol",
        "source": "vector-tiles",
        "source-layer": "地名@北京",
        "layout": {
            "icon-image": "dot_11",
            "text-offset": [0, -0.3],
            "text-anchor": "bottom",
            "text-field": "{NAME}",
            "text-size": 12
        },
        "paint": {
            "text-color": "#666",
            "text-opacity": 1,
            "text-halo-color": "#ffffff",
            "text-halo-width": 1,
            "text-halo-blur": 1
        }

    }

    ]
}