{
    "version": 8,
    "name": "beijing",
    "sources": {
        "vector-tiles": {
            "type": "vector",
            "tiles": ["http://iclient.supermap.io/iserver/services/map-beijing/rest/maps/beijingMap/tileFeature.mvt?returnAttributes=true&compressTolerance=-1&width=512&height=512&viewBounds={bbox-epsg-3857}&expands=0:0_2,132_128,138_64,141_32,143_16,145_8,147_4"]
        }
    },
    "sprite": "http://iclient.supermap.io/web/styles/street/sprite",
    "glyphs": "http://iclient.supermap.io/iserver/services/map-beijing/rest/maps/beijingMap/tileFeature/sdffonts/{fontstack}/{range}.pbf",
    "layers": [{
            "id": "background",
            "type": "background",
            "layout": {},
            "paint": {
                "background-color": "rgb(242,243,240)"
            }
        },

        {
            "id": "单值专题图#1",
            "type": "line",
            "source": "vector-tiles",
            "source-layer": "单值专题图#1",
            "paint": {
                "line-color": "hsl(240, 8%, 51%)",
                "line-width": 0.5
            }

        },
        {
            "id": "立交桥绿地R@北京",
            "type": "fill",
            "source": "vector-tiles",
            "source-layer": "立交桥绿地R@北京",
            "paint": {
                "fill-color": "rgb(220,224,220)",
                "fill-opacity": 1
            }
        },
        {
            "id": "绿地R@北京",
            "type": "fill",
            "source": "vector-tiles",
            "source-layer": "绿地R@北京",
            "paint": {
                "fill-color": "rgb(220,224,220)",
                "fill-opacity": 1
            }
        },
        {
            "id": "双线河R@北京",
            "type": "fill",
            "source": "vector-tiles",
            "source-layer": "双线河R@北京",
            "paint": {
                "fill-color": "rgb(194, 200, 202)",
                "fill-antialias": true,
                "fill-outline-color": {
                    "base": 1,
                    "stops": [
                        [
                            10,
                            "hsla(180, 6%, 63%, 0.82)"
                        ],
                        [
                            22,
                            "hsla(180, 6%, 63%, 0.18)"
                        ]
                    ]
                }
            }
        },
        {
            "id": "湖泊、水库R@北京",
            "type": "fill",
            "source": "vector-tiles",
            "source-layer": "湖泊、水库R@北京",
            "paint": {
                "fill-color": "rgb(194, 200, 202)",
                "fill-antialias": true,
                "fill-outline-color": {
                    "base": 1,
                    "stops": [
                        [
                            10,
                            "hsla(180, 6%, 63%, 0.82)"
                        ],
                        [
                            22,
                            "hsla(180, 6%, 63%, 0.18)"
                        ]
                    ]
                }
            }
        },

        {
            "id": "四级道路L@北京",
            "type": "line",
            "source": "vector-tiles",
            "source-layer": "四级道路L@北京",
            "layout": {
                "line-cap": "round",
                "line-join": "round",
                "visibility": "visible"
            },
            "paint": {
                "line-color": "hsl(0, 0%, 88%)",
                "line-width": {
                    "base": 1.55,
                    "stops": [
                        [
                            13,
                            1.8
                        ],
                        [
                            20,
                            20
                        ]
                    ]
                },
                "line-opacity": 0.9
            }
        },
        {
            "id": "三级道路L@北京",
            "type": "line",
            "source": "vector-tiles",
            "source-layer": "三级道路L@北京",
            "layout": {
                "line-cap": "round",
                "line-join": "round",
                "visibility": "visible"
            },
            "paint": {
                "line-color": "#fff",
                "line-width": {
                    "base": 1.3,
                    "stops": [
                        [
                            10,
                            2
                        ],
                        [
                            20,
                            20
                        ]
                    ]
                }
            }
        },
        {
            "id": "二级道路L@北京",
            "type": "line",
            "source": "vector-tiles",
            "source-layer": "二级道路L@北京",
            "layout": {
                "line-cap": "butt",
                "line-join": "miter",
                "visibility": "visible"
            },
            "paint": {
                "line-color": "rgb(213, 213, 213)",
                "line-dasharray": [
                    12,
                    0
                ],
                "line-width": {
                    "base": 1.3,
                    "stops": [
                        [
                            10,
                            3
                        ],
                        [
                            20,
                            23
                        ]
                    ]
                }
            }
        },
        {
            "id": "二级道路L@北京1",
            "type": "line",
            "source": "vector-tiles",
            "source-layer": "二级道路L@北京",
            "layout": {
                "line-cap": "round",
                "line-join": "round",
                "visibility": "visible"
            },
            "paint": {
                "line-color": "#fff",
                "line-width": {
                    "base": 1.3,
                    "stops": [
                        [
                            10,
                            2
                        ],
                        [
                            20,
                            20
                        ]
                    ]
                }
            }
        },
        {
            "id": "一级道路L@北京",
            "type": "line",
            "source": "vector-tiles",
            "source-layer": "一级道路L@北京",
            "layout": {
                "line-cap": "butt",
                "line-join": "miter",
                "visibility": "visible"
            },
            "paint": {
                "line-color": "rgb(213, 213, 213)",
                "line-width": {
                    "base": 1.4,
                    "stops": [
                        [
                            6,
                            3
                        ],
                        [
                            20,
                            40
                        ]
                    ]
                },
                "line-dasharray": [
                    2,
                    0
                ],
                "line-opacity": 1
            }
        },
        {
            "id": "一级道路L@北京1",
            "type": "line",
            "source": "vector-tiles",
            "source-layer": "一级道路L@北京",
            "layout": {
                "line-cap": "round",
                "line-join": "round",
                "visibility": "visible"
            },
            "paint": {
                "line-color": "#fff",
                "line-width": {
                    "base": 1.4,
                    "stops": [
                        [
                            6,
                            1.3
                        ],
                        [
                            20,
                            30
                        ]
                    ]
                }
            }
        },
        {
            "id": "省道L@北京",
            "type": "line",
            "source": "vector-tiles",
            "source-layer": "省道L@北京",
            "layout": {
                "line-cap": "butt",
                "line-join": "miter",
                "visibility": "visible"
            },
            "paint": {
                "line-color": "rgb(213, 213, 213)",
                "line-width": {
                    "base": 1.4,
                    "stops": [
                        [
                            6,
                            3
                        ],
                        [
                            20,
                            40
                        ]
                    ]
                },
                "line-dasharray": [
                    2,
                    0
                ],
                "line-opacity": 1
            }
        },
        {
            "id": "省道L@北京1",
            "type": "line",
            "source": "vector-tiles",
            "source-layer": "省道L@北京",
            "layout": {
                "line-cap": "round",
                "line-join": "round",
                "visibility": "visible"
            },
            "paint": {
                "line-color": "#fff",
                "line-width": {
                    "base": 1.4,
                    "stops": [
                        [
                            6,
                            1.3
                        ],
                        [
                            20,
                            30
                        ]
                    ]
                }
            }
        },
        {
            "id": "高速公路L@北京",
            "type": "line",
            "source": "vector-tiles",
            "source-layer": "高速公路L@北京",
            "layout": {
                "line-cap": "butt",
                "line-join": "miter",
                "visibility": "visible"
            },
            "paint": {
                "line-color": "rgb(213, 213, 213)",
                "line-width": {
                    "base": 1.4,
                    "stops": [
                        [
                            5.8,
                            0
                        ],
                        [
                            6,
                            3
                        ],
                        [
                            20,
                            40
                        ]
                    ]
                },
                "line-dasharray": [
                    2,
                    0
                ],
                "line-opacity": 1
            }
        },
        {
            "id": "高速公路L@北京1",
            "type": "line",
            "source": "vector-tiles",
            "source-layer": "高速公路L@北京",
            "layout": {
                "line-cap": "round",
                "line-join": "round",
                "visibility": "visible"
            },
            "paint": {
                "line-color": {
                    "base": 1,
                    "stops": [
                        [
                            5.8,
                            "hsla(0, 0%, 85%, 0.53)"
                        ],
                        [
                            6,
                            "#fff"
                        ]
                    ]
                },
                "line-width": {
                    "base": 1.4,
                    "stops": [
                        [
                            4,
                            2
                        ],
                        [
                            6,
                            1.3
                        ],
                        [
                            20,
                            30
                        ]
                    ]
                }
            }
        },
        {
            "id": "标签专题图#10",
            "type": "symbol",
            "source": "vector-tiles",
            "source-layer": "标签专题图#10",
            "layout": {
                "text-offset": [-1.5, -0.5],
                "text-anchor": "bottom-left",
                "text-field": "{NAME}",
                "text-max-width": 7,
                "text-font": [
                    "DIN Offc Pro Medium",
                    "Arial Unicode MS Regular"
                ],
                "text-size": 22
            },
            "paint": {
                "text-color": "hsl(230, 8%, 62%)",
                "text-opacity": {
                    "base": 1,
                    "stops": [
                        [
                            11.99,
                            1
                        ],
                        [
                            12,
                            0
                        ]
                    ]
                },
                "text-halo-color": "rgb(242,243,240)",
                "text-halo-width": 1,
                "text-halo-blur": 1
            }

        },
        {
            "id": "标签专题图#64",
            "type": "symbol",
            "source": "vector-tiles",
            "source-layer": "标签专题图#64",
            "layout": {
                "text-offset": [-1.5, -0.5],
                "text-anchor": "bottom-left",
                "text-field": "{NAME}",
                "text-max-width": 7,
                "text-size": 14
            },
            "paint": {
                "text-color": "hsl(26, 25%, 32%)",
                "text-opacity": {
                    "base": 1,
                    "stops": [
                        [
                            10.99,
                            0
                        ],
                        [
                            11,
                            1
                        ]
                    ]
                },
                "text-halo-color": "rgb(242,243,240)",
                "text-halo-width": 1,
                "text-halo-blur": 1
            }

        },
        {
            "id": "四级道路Name",
            "type": "symbol",
            "source": "vector-tiles",
            "source-layer": "四级道路L@北京",
            "layout": {
                "text-size": 10,
                "text-max-angle": 30,
                "text-transform": "uppercase",
                "symbol-spacing": 350,
                "symbol-placement": "line",
                "visibility": "visible",
                "text-rotation-alignment": "map",
                "text-pitch-alignment": "viewport",
                "text-field": "{道路名称}"
            },
            "paint": {
                "text-color": "#bbb",
                "text-halo-color": "#fff",
                "text-translate": [
                    0,
                    0
                ],
                "text-opacity": {
                    "base": 1,
                    "stops": [
                        [
                            13.99,
                            0
                        ],
                        [
                            14,
                            1
                        ]
                    ]
                },
                "text-halo-width": 2,
                "text-halo-blur": 1
            }
        },
        {
            "id": "三级道路Name",
            "type": "symbol",
            "source": "vector-tiles",
            "source-layer": "三级道路L@北京",
            "layout": {
                "text-size": 10,
                "text-max-angle": 30,
                "text-transform": "uppercase",
                "symbol-spacing": 350,
                "symbol-placement": "line",
                "visibility": "visible",
                "text-rotation-alignment": "map",
                "text-pitch-alignment": "viewport",
                "text-field": "{道路名称}"
            },
            "paint": {
                "text-color": "#bbb",
                "text-halo-color": "#fff",
                "text-translate": [
                    0,
                    0
                ],
                "text-opacity": {
                    "base": 1,
                    "stops": [
                        [
                            13.99,
                            0
                        ],
                        [
                            14,
                            1
                        ]
                    ]
                },
                "text-halo-width": 2,
                "text-halo-blur": 1
            }
        },
        {
            "id": "二级道路Name",
            "type": "symbol",
            "source": "vector-tiles",
            "source-layer": "二级道路L@北京",
            "layout": {
                "text-size": 10,
                "text-max-angle": 30,
                "text-transform": "uppercase",
                "symbol-spacing": 350,
                "symbol-placement": "line",
                "visibility": "visible",
                "text-rotation-alignment": "map",
                "text-pitch-alignment": "viewport",
                "text-field": "{道路名称}"
            },
            "paint": {
                "text-color": "#bbb",
                "text-halo-color": "#fff",
                "text-translate": [
                    0,
                    0
                ],
                "text-opacity": {
                    "base": 1,
                    "stops": [
                        [
                            13.99,
                            0
                        ],
                        [
                            14,
                            1
                        ]
                    ]
                },
                "text-halo-width": 2,
                "text-halo-blur": 1
            }
        },
        {
            "id": "一级道路Name",
            "type": "symbol",
            "source": "vector-tiles",
            "source-layer": "一级道路L@北京",
            "layout": {
                "text-size": 10,
                "text-max-angle": 30,
                "text-transform": "uppercase",
                "symbol-spacing": 350,
                "symbol-placement": "line",
                "visibility": "visible",
                "text-rotation-alignment": "map",
                "text-pitch-alignment": "viewport",
                "text-field": "{道路名称}"
            },
            "paint": {
                "text-color": "#bbb",
                "text-halo-color": "#fff",
                "text-translate": [
                    0,
                    0
                ],
                "text-opacity": {
                    "base": 1,
                    "stops": [
                        [
                            12.99,
                            0
                        ],
                        [
                            13,
                            1
                        ]
                    ]
                },
                "text-halo-width": 2,
                "text-halo-blur": 1
            }
        },
        {
            "id": "省道Name",
            "type": "symbol",
            "source": "vector-tiles",
            "source-layer": "省道L@北京",
            "layout": {
                "text-size": 10,
                "text-max-angle": 30,
                "text-transform": "uppercase",
                "symbol-spacing": 350,
                "symbol-placement": "line",
                "visibility": "visible",
                "text-rotation-alignment": "map",
                "text-pitch-alignment": "viewport",
                "text-field": "{道路名称}"
            },
            "paint": {
                "text-color": "#bbb",
                "text-halo-color": "#fff",
                "text-translate": [
                    0,
                    0
                ],
                "text-opacity": {
                    "base": 1,
                    "stops": [
                        [
                            12.99,
                            0
                        ],
                        [
                            13,
                            1
                        ]
                    ]
                },
                "text-halo-width": 2,
                "text-halo-blur": 1
            }
        },

        {
            "id": "立交桥名称P@北京",
            "type": "symbol",
            "source": "vector-tiles",
            "source-layer": "立交桥名称P@北京",
            "layout": {
                "text-offset": [-1, -1],
                "text-anchor": "bottom",
                "text-field": "{NAME}",
                "text-size": 14
            },
            "paint": {
                "text-color": "rgb(117, 129, 145)",
                "text-opacity": 1,
                "text-halo-color": "rgb(242,243,240)",
                "text-halo-width": 1,
                "text-halo-blur": 1
            }

        },
        {
            "id": "长途汽车站@北京",
            "type": "symbol",
            "source": "vector-tiles",
            "source-layer": "长途汽车站@北京",
            "layout": {
                "text-offset": [-1, -1],
                "text-anchor": "bottom",
                "text-field": "{NAME}",
                "text-size": 12
            },
            "paint": {
                "text-color": "rgb(117, 129, 145)",
                "text-opacity": 1,
                "text-halo-color": "rgb(242,243,240)",
                "text-halo-width": 1,
                "text-halo-blur": 1
            }

        },
        {
            "id": "图书馆@北京",
            "type": "symbol",
            "source": "vector-tiles",
            "source-layer": "图书馆@北京",
            "layout": {
                "text-offset": [-1, -1],
                "text-anchor": "bottom",
                "text-field": "{NAME}",
                "text-size": 12
            },
            "paint": {
                "text-color": "rgb(117, 129, 145)",
                "text-opacity": 1,
                "text-halo-color": "rgb(242,243,240)",
                "text-halo-width": 1,
                "text-halo-blur": 1
            }

        },
        {
            "id": "公园@北京",
            "type": "symbol",
            "source": "vector-tiles",
            "source-layer": "公园@北京",
            "layout": {
                "text-offset": [0, -0.5],
                "text-anchor": "bottom",
                "text-field": "{NAME}",
                "text-size": 12
            },
            "paint": {
                "text-color": "rgb(117, 129, 145)",
                "text-opacity": 1,
                "text-halo-color": "rgb(242,243,240)",
                "text-halo-width": 1,
                "text-halo-blur": 1
            }

        },
        {
            "id": "综合性广场@北京",
            "type": "symbol",
            "source": "vector-tiles",
            "source-layer": "综合性广场@北京",
            "layout": {
                "text-offset": [0, -0.5],
                "text-anchor": "bottom",
                "text-field": "{NAME}",
                "text-size": 12
            },
            "paint": {
                "text-color": "rgb(117, 129, 145)",
                "text-opacity": 1,
                "text-halo-color": "rgb(242,243,240)",
                "text-halo-width": 1,
                "text-halo-blur": 1
            }

        },
        {
            "id": "旅游景点@北京",
            "type": "symbol",
            "source": "vector-tiles",
            "source-layer": "旅游景点@北京",
            "layout": {
                "text-offset": [0, -0.5],
                "text-anchor": "bottom",
                "text-field": "{NAME}",
                "text-size": 12
            },
            "paint": {
                "text-color": "rgb(117, 129, 145)",
                "text-opacity": 1,
                "text-halo-color": "rgb(242,243,240)",
                "text-halo-width": 1,
                "text-halo-blur": 1
            }

        },
        {
            "id": "医疗卫生@北京",
            "type": "symbol",
            "source": "vector-tiles",
            "source-layer": "医疗卫生@北京",
            "layout": {
                "text-offset": [0, -0.5],
                "text-anchor": "bottom",
                "text-field": "{NAME}",
                "text-size": 12
            },
            "paint": {
                "text-color": "rgb(117, 129, 145)",
                "text-opacity": 1,
                "text-halo-color": "rgb(242,243,240)",
                "text-halo-width": 1,
                "text-halo-blur": 1
            }

        },
        {
            "id": "娱乐场所@北京",
            "type": "symbol",
            "source": "vector-tiles",
            "source-layer": "娱乐场所@北京",
            "layout": {
                "text-offset": [0, -0.5],
                "text-anchor": "bottom",
                "text-field": "{NAME}",
                "text-size": 12
            },
            "paint": {
                "text-color": "rgb(117, 129, 145)",
                "text-opacity": 1,
                "text-halo-color": "rgb(242,243,240)",
                "text-halo-width": 1,
                "text-halo-blur": 1
            }

        },
        {
            "id": "大厦@北京",
            "type": "symbol",
            "source": "vector-tiles",
            "source-layer": "大厦@北京",
            "layout": {
                "text-offset": [0, -0.5],
                "text-anchor": "bottom",
                "text-field": "{NAME}",
                "text-size": 12
            },
            "paint": {
                "text-color": "rgb(117, 129, 145)",
                "text-opacity": 1,
                "text-halo-color": "rgb(242,243,240)",
                "text-halo-width": 1,
                "text-halo-blur": 1
            }

        },
        {
            "id": "文化场所@北京",
            "type": "symbol",
            "source": "vector-tiles",
            "source-layer": "文化场所@北京",
            "layout": {
                "text-offset": [0, -0.5],
                "text-anchor": "bottom",
                "text-field": "{NAME}",
                "text-size": 12
            },
            "paint": {
                "text-color": "rgb(117, 129, 145)",
                "text-opacity": 1,
                "text-halo-color": "rgb(242,243,240)",
                "text-halo-width": 1,
                "text-halo-blur": 1
            }

        },
        {
            "id": "运动场所@北京",
            "type": "symbol",
            "source": "vector-tiles",
            "source-layer": "运动场所@北京",
            "layout": {
                "text-offset": [0, -0.5],
                "text-anchor": "bottom",
                "text-field": "{NAME}",
                "text-size": 12
            },
            "paint": {
                "text-color": "rgb(117, 129, 145)",
                "text-opacity": 1,
                "text-halo-color": "rgb(242,243,240)",
                "text-halo-width": 1,
                "text-halo-blur": 1
            }

        },
        {
            "id": "交通运输@北京",
            "type": "symbol",
            "source": "vector-tiles",
            "source-layer": "交通运输@北京",
            "layout": {
                "text-offset": [0, -0.5],
                "text-anchor": "bottom",
                "text-field": "{NAME}",
                "text-size": 12
            },
            "paint": {
                "text-color": "rgb(117, 129, 145)",
                "text-opacity": 1,
                "text-halo-color": "rgb(242,243,240)",
                "text-halo-width": 1,
                "text-halo-blur": 1
            }

        },
        {
            "id": "其它@北京",
            "type": "symbol",
            "source": "vector-tiles",
            "source-layer": "其它@北京",
            "layout": {
                "text-offset": [0, -0.5],
                "text-anchor": "bottom",
                "text-field": "{NAME}",
                "text-size": 12
            },
            "filter": [
                "==",
                "NAME",
                "公厕"
            ],
            "paint": {
                "text-color": "rgb(117, 129, 145)",
                "text-opacity": 1,
                "text-halo-color": "rgb(242,243,240)",
                "text-halo-width": 1,
                "text-halo-blur": 1
            }

        },
        {
            "id": "服务行业@北京",
            "type": "symbol",
            "source": "vector-tiles",
            "source-layer": "服务行业@北京",
            "layout": {
                "text-offset": [0, -0.5],
                "text-anchor": "bottom",
                "text-field": "{NAME}",
                "text-size": 12
            },
            "paint": {
                "text-color": "rgb(117, 129, 145)",
                "text-opacity": 1,
                "text-halo-color": "rgb(242,243,240)",
                "text-halo-width": 1,
                "text-halo-blur": 1
            }

        },
        {
            "id": "其它@北京2",
            "type": "symbol",
            "source": "vector-tiles",
            "source-layer": "其它@北京",
            "layout": {
                "text-offset": [0, -0.5],
                "text-anchor": "bottom",
                "text-field": "{NAME}",
                "text-size": 12
            },
            "filter": [
                "==",
                "NAME",
                "停车场"
            ],
            "paint": {
                "text-color": "rgb(117, 129, 145)",
                "text-opacity": 1,
                "text-halo-color": "rgb(242,243,240)",
                "text-halo-width": 1,
                "text-halo-blur": 1
            }

        },
        {
            "id": "邮政电信@北京",
            "type": "symbol",
            "source": "vector-tiles",
            "source-layer": "邮政电信@北京",
            "layout": {
                "text-offset": [0, -0.5],
                "text-anchor": "bottom",
                "text-field": "{NAME}",
                "text-size": 10,
                "text-max-width": 18
            },

            "paint": {
                "text-color": "rgb(117, 129, 145)",
                "text-opacity": 1,
                "text-halo-color": "rgb(242,243,240)",
                "text-halo-width": 1,
                "text-halo-blur": 1
            }

        },
        {
            "id": "商场@北京",
            "type": "symbol",
            "source": "vector-tiles",
            "source-layer": "商场@北京",
            "layout": {
                "text-offset": [0, -0.5],
                "text-anchor": "bottom",
                "text-field": "{NAME}",
                "text-size": 12
            },
            "paint": {
                "text-color": "rgb(117, 129, 145)",
                "text-opacity": 1,
                "text-halo-color": "rgb(242,243,240)",
                "text-halo-width": 1,
                "text-halo-blur": 1
            }

        },
        {
            "id": "综合性商店@北京",
            "type": "symbol",
            "source": "vector-tiles",
            "source-layer": "综合性商店@北京",
            "layout": {
                "text-offset": [0, -0.5],
                "text-anchor": "bottom",
                "text-field": "{NAME}",
                "text-size": 12
            },
            "paint": {
                "text-color": "rgb(117, 129, 145)",
                "text-opacity": 1,
                "text-halo-color": "rgb(242,243,240)",
                "text-halo-width": 1,
                "text-halo-blur": 1
            }

        },
        {
            "id": "饭店@北京",
            "type": "symbol",
            "source": "vector-tiles",
            "source-layer": "饭店@北京",
            "layout": {
                "text-offset": [0, -0.5],
                "text-anchor": "bottom",
                "text-field": "{NAME}",
                "text-size": 12
            },
            "paint": {
                "text-color": "rgb(117, 129, 145)",
                "text-opacity": 1,
                "text-halo-color": "rgb(242,243,240)",
                "text-halo-width": 1,
                "text-halo-blur": 1
            }

        },
        {
            "id": "加油站@北京",
            "type": "symbol",
            "source": "vector-tiles",
            "source-layer": "加油站@北京",
            "layout": {
                "text-offset": [0, -0.5],
                "text-anchor": "bottom",
                "text-field": "{NAME}",
                "text-size": 12
            },
            "paint": {
                "text-color": "rgb(117, 129, 145)",
                "text-opacity": 1,
                "text-halo-color": "rgb(242,243,240)",
                "text-halo-width": 1,
                "text-halo-blur": 1
            }

        },
        {
            "id": "建筑@北京",
            "type": "symbol",
            "source": "vector-tiles",
            "source-layer": "建筑@北京",
            "layout": {
                "text-offset": [0, -0.5],
                "text-anchor": "bottom",
                "text-field": "{NAME}",
                "text-size": 12
            },
            "paint": {
                "text-color": "rgb(117, 129, 145)",
                "text-opacity": 1,
                "text-halo-color": "rgb(242,243,240)",
                "text-halo-width": 1,
                "text-halo-blur": 1
            }

        },
        {
            "id": "码头@北京",
            "type": "symbol",
            "source": "vector-tiles",
            "source-layer": "码头@北京",
            "layout": {
                "text-offset": [0, -0.5],
                "text-anchor": "bottom",
                "text-field": "{NAME}",
                "text-size": 12
            },
            "paint": {
                "text-color": "rgb(117, 129, 145)",
                "text-opacity": 1,
                "text-halo-color": "rgb(242,243,240)",
                "text-halo-width": 1,
                "text-halo-blur": 1
            }

        },
        {
            "id": "机场@北京",
            "type": "symbol",
            "source": "vector-tiles",
            "source-layer": "机场@北京",
            "layout": {
                "text-offset": [0, -0.5],
                "text-anchor": "bottom",
                "text-field": "{NAME}",
                "text-size": 12
            },
            "paint": {
                "text-color": "rgb(117, 129, 145)",
                "text-opacity": 1,
                "text-halo-color": "rgb(242,243,240)",
                "text-halo-width": 1,
                "text-halo-blur": 1
            }

        },
        {
            "id": "火车站@北京",
            "type": "symbol",
            "source": "vector-tiles",
            "source-layer": "火车站@北京",
            "layout": {
                "text-offset": [0, -0.5],
                "text-anchor": "bottom",
                "text-field": "{NAME}",
                "text-size": 12
            },
            "paint": {
                "text-color": "rgb(117, 129, 145)",
                "text-opacity": 1,
                "text-halo-color": "rgb(242,243,240)",
                "text-halo-width": 1,
                "text-halo-blur": 1
            }

        },
        {
            "id": "地名@北京",
            "type": "symbol",
            "source": "vector-tiles",
            "source-layer": "地名@北京",
            "layout": {
                "text-offset": [0, -0.3],
                "text-anchor": "bottom",
                "text-field": "{NAME}",
                "text-size": 12
            },
            "paint": {
                "text-color": "rgb(117, 129, 145)",
                "text-opacity": 1,
                "text-halo-color": "rgb(242,243,240)",
                "text-halo-width": 1,
                "text-halo-blur": 1
            }

        }

    ]
}