﻿<?xml version="1.0" encoding="UTF-8"?>
<cameras>
	<camera>
	    <name>紫金</name>
	    <imageUrl>demo_version2.0/images/layerGuide/zijin.jpg</imageUrl>
		<longitude>115.16703018774997</longitude>
		<latitude>23.637063992302448</latitude>
		<altitude>1200</altitude>
		<heading>359.57397649293989</heading>
		<tilt>45</tilt>
		<altitudeMode>1</altitudeMode>
		<osgb>true</osgb>
		<flat>紫金</flat>
		<vector>建筑物@DOM1</vector>
		<theme>建筑物@DOM1$1</theme>
		<flyRoute>zijin.fpf</flyRoute>
		<sun>true</sun>
	</camera>
	<camera>
	    <name>萨尔斯堡</name>
	    <imageUrl>demo_version2.0/images/layerGuide/saercibao.jpg</imageUrl>
		<longitude>13.051684012174883</longitude>
		<latitude>47.817713545275176</latitude>
		<altitude>4162.4504608605057</altitude>
		<heading>359.57330339656983</heading>
		<tilt>0</tilt>
		<altitudeMode>1</altitudeMode>
		<osgb>true</osgb>
		<flat>萨尔斯堡</flat>
		<vector>房屋面@VE_1</vector>
		<theme>房屋面@VE1$1</theme>
		<flyRoute>saercibao.fpf</flyRoute>
		<sun>false</sun>
	</camera>
	<camera>
	    <name>CBD</name>
	    <imageUrl>demo_version2.0/images/layerGuide/CBD.png</imageUrl>
		<longitude>116.4573721364665</longitude>
		<latitude>39.910780008918024</latitude>
		<altitude>2156.518965547167</altitude>
		<heading>358.3995161410723</heading>
		<tilt>44.262534191509005</tilt>
		<altitudeMode>1</altitudeMode>
		<osgb>false</osgb>
		<flyRoute>CBD.fpf</flyRoute>
		<sun>true</sun>
	</camera>
	<camera>
	    <name>鸟巢</name>
	    <imageUrl>demo_version2.0/images/layerGuide/niaochao.png</imageUrl>
		<longitude>116.38835439454964</longitude>
		<latitude>39.99540621337923</latitude>
		<altitude>2999.358799605683</altitude>
		<heading>356.9385184202734</heading>
		<tilt>43.604219023653741</tilt>
		<altitudeMode>1</altitudeMode>
		<osgb>false</osgb>
		<flyRoute>niaochao.fpf</flyRoute>
		<sun>true</sun>
	</camera>
	<camera>
	    <name>横滨</name>
	    <imageUrl>demo_version2.0/images/layerGuide/hengbin.png</imageUrl>
		<longitude>139.64191099999999</longitude>
		<latitude>35.481163000000002</latitude>
		<altitude>1440.2854970000001</altitude>
		<heading>354.36694</heading>
		<tilt>25.718753</tilt>
		<altitudeMode>1</altitudeMode>
		<osgb>false</osgb>
		<flyRoute>hengbin.fpf</flyRoute> 
		<sun>true</sun>
	</camera>
	<camera>
	    <name>珠峰</name>
	    <imageUrl>demo_version2.0/images/layerGuide/zhufeng.png</imageUrl>
		<longitude>87.055491012646101</longitude>
		<latitude>27.9971120185991</latitude>
		<altitude>35183.4290442783386</altitude>
		<heading>257.22203291644678</heading>
		<tilt>76.726320203400832</tilt>
		<altitudeMode>1</altitudeMode>
		<osgb>false</osgb>
		<flyRoute>shineimanyou.fpf</flyRoute>
		<sun>true</sun>
	</camera>
</cameras>