﻿<?xml version="1.0" encoding="UTF-8"?>
<layers>
   <Folders>
	   <name>场景图层</name>
	   <Icon>
	     <href>layers/changjingtuceng.png</href>
	   </Icon>
	   <Folder>
	     <name>边界与地名</name>
	     <Icon>
	       <href>layers/bianjiediming.png</href>
	     </Icon>
	     <Camera>
	         <longitude>116.1924634742745</longitude>
	         <latitude>33.88308509419935</latitude>
	          <altitude>10272436.75929044</altitude>
	          <heading>-110.0399725479412</heading>
	      </Camera>
	      <Folder>
	        <name>边界</name>
	        <Icon>
	          <href>layers/bianxian.png</href>
	        </Icon>
	        <Layer>
	          <name>国界</name>
	          <Icon>
	            <href>layers/guojie.png</href>
	          </Icon>
	          <refLayer>CountryBoundary</refLayer>
	        </Layer>
	        <Layer>
	          <name>海岸线</name>
	          <Icon>
	            <href>layers/haianxian.png</href>
	          </Icon>
	          <refLayer>OceanBoundary</refLayer>            
	        </Layer>
	        <Layer>
	          <name>一线行政边界（省）</name>
	          <Icon>
	            <href>application_view_list.png</href>
	          </Icon>
	          <refLayer>District</refLayer>           
	        </Layer>
	      </Folder>
	      <Folder>
	        <name>地名</name>
	        <Icon>
	          <href>layers/diming.png</href>
	        </Icon>
	        <Layer>
	          <name>图家</name>
	          <Icon>
	            <href>application_view_list.png</href>
	          </Icon>
	          <refLayer>WorldCountry</refLayer>            
	        </Layer>
	        <Layer>
	          <name>首都</name>
	          <Icon>
	            <href>application_view_list.png</href>
	          </Icon>
	          <refLayer>WorldCapital_T</refLayer>           
	        </Layer>
	        <Layer>
	          <name>省会</name>
	          <Icon>
	            <href>application_view_list.png</href>
	          </Icon>
	          <refLayer>123</refLayer>           
	        </Layer>
	      </Folder>
	    </Folder>
	    <Folder>
	      <name>国家奥林匹克公园</name>
	      <Icon>
	        <href>folder.gif</href>
	      </Icon>
	      <Camera>
	          <longitude>116.3873</longitude>
	          <latitude>40.0047</latitude>
	          <altitude>1457.4611</altitude>
	          <heading>359.568</heading>
	      </Camera>
	      <Layer>
	        <name>树木</name>
	        <Icon>
	          <href>layers/shumu.png</href>
	        </Icon>
	        <refLayer>Tree@OlympicGreen</refLayer>          
	      </Layer>
	      <Layer>
	        <name>特效</name>
	        <Icon>
	          <href>layers/texiao.png</href>
	        </Icon>
	        <refLayer>Particle@OlympicGreen</refLayer>         
	      </Layer>
	      <Layer>
	        <name>地面</name>
	        <Icon>
	          <href>layers/dimian.png</href>
	        </Icon>
	        <refLayer>Ground@OlympicGreen</refLayer>         
	      </Layer>
	      <Layer>
	        <name>建筑</name>
	        <Icon>
	          <href>layers/jianzhu.png</href>
	        </Icon>
	        <refLayer>Building@OlympicGreen</refLayer>          
	      </Layer>
	      <Layer>
	        <name>人物</name>
	        <Icon>
	          <href>layers/renwu.png</href>
	        </Icon>
	        <refLayer>BillBoard@OlympicGreen</refLayer>          
	      </Layer>
	      <Layer>
	        <name>水面</name>
	        <Icon>
	          <href>layers/shuimian.png</href>
	        </Icon>
	        <refLayer>Waters@OlympicGreen</refLayer>         
	      </Layer>
	    </Folder>
	    <Folder>
	      <name>CBD区域</name>
	      <Icon>
	        <href>folder.gif</href>
	      </Icon>
	      <Camera>
	        <longitude>116.1924634742745</longitude>
	        <latitude>33.88308509419935</latitude>
	        <altitude>10272436.75929044</altitude>
	        <heading>-110.0399725479412</heading>
	      </Camera>
	      <Layer>
	        <name>地面</name>
	        <Icon>
	          <href>layers/dimian.png</href>
	        </Icon>
	        <refLayer>Ground_2@CBD</refLayer>         
	      </Layer>
	      <Layer>
	        <name>建筑</name>
	        <Icon>
	          <href>layers/jianzhu.png</href>
	        </Icon>
	        <refLayer>Building@CBD</refLayer>          
	      </Layer>
	      <Layer>
	        <name>树木</name>
	        <Icon>
	          <href>layers/shumu.png</href>
	        </Icon>
	        <refLayer>Tree@CBD</refLayer>         
	      </Layer>
	      <Layer>
	        <name>水面</name>
	        <Icon>
	          <href>layers/shuimian.png</href>
	        </Icon>
	        <refLayer>Lake@CBD</refLayer>         
	      </Layer>
	    </Folder>
	    <Folder>
	      <name>yokohama</name>
	      <Icon>
	        <href>folder.gif</href>
	      </Icon>
	      <Camera>
	        <longitude>116.1924634742745</longitude>
	        <latitude>33.88308509419935</latitude>
	        <altitude>10272436.75929044</altitude>
	        <heading>-110.0399725479412</heading>
	      </Camera>
	      <Layer>
	        <name>歩道</name>
	        <Icon>
	          <href>layers/haianxian.png</href>
	        </Icon>
	        <refLayer>歩道@yokohama</refLayer>         
	      </Layer>
	      <Layer>
	        <name>線道路</name>
	        <Icon>
	          <href>layers/bianxian.png</href>
	        </Icon>
	        <refLayer>線道路@yokohama</refLayer>         
	      </Layer>
	      <Layer>
	        <name>道路高架</name>
	        <Icon>
	          <href>layers/guojie.png</href>
	        </Icon>
	        <refLayer>道路高架@yokohama</refLayer>         
	      </Layer>
	      <Layer>
	        <name>普通鉄道</name>
	        <Icon>
	          <href>layers/bianxian.png</href>
	        </Icon>
	        <refLayer>普通鉄道@yokohama</refLayer>         
	      </Layer>
	      <Layer>
	        <name>鉄道高架</name>
	        <Icon>
	          <href>datatype/Line2D.png</href>
	        </Icon>
	        <refLayer>鉄道高架@yokohama</refLayer>        
	      </Layer>
	      <Layer>
	        <name>都道府県界</name>
	        <Icon>
	          <href>layers/haianxian.png</href>
	        </Icon>
	        <refLayer>都道府県界@yokohama</refLayer>
	      </Layer>
	      <Layer>
	        <name>等高線</name>
	        <Icon>
	          <href>TerrainArea.png</href>
	        </Icon>
	        <refLayer>等高線@yokohama</refLayer>         
	      </Layer>
	      <Layer>
	        <name>池_湖</name>
	        <Icon>
	          <href>layers/shuimian.png</href>
	        </Icon>
	        <refLayer>池_湖@yokohama</refLayer>         
	      </Layer>
	      <Layer>
	        <name>面河川</name>
	        <Icon>
	          <href>layers/shuimian.png</href>
	        </Icon>
	        <refLayer>面河川@yokohama</refLayer>          
	      </Layer>
	      <Layer>
	        <name>面公园</name>
	        <Icon>
	          <href>layers/shumu.png</href>
	        </Icon>
	        <refLayer>面公园@yokohama</refLayer>        
	      </Layer>
	      <Layer>
	        <name>一般家屋</name>
	        <Icon>
	          <href>layers/jianzhu.png</href>
	        </Icon>
	        <refLayer>一般家屋@yokohama</refLayer>        
	      </Layer>
	    </Folder>
	    <Folder>
	    	<name>紫金</name>
	    	<Icon>
	        	<href>folder.gif</href>
	      	</Icon>
	      	<Camera>
	          	<longitude>115.16703018774997</longitude>
	          	<latitude>23.637063992302448</latitude>
	          	<altitude>1200</altitude>
	          	<heading>359.57397649293989</heading>
	      	</Camera>
	      	<Layer>
	        	<name>建筑物</name>
	        	<Icon>
	          		<href>layers/jianzhu.png</href>
	        	</Icon>
	        	<refLayer>紫金</refLayer>          
	      	</Layer>
	      	<Layer>
	        	<name>河流</name>
	        	<Icon>
	          		<href>layers/shuimian.png</href>
	        	</Icon>
	        	<refLayer>河流@DOM1</refLayer>          
	      	</Layer>
	    </Folder>
	    <Folder>
	    	<name>萨尔斯堡</name>
	    	<Icon>
	        	<href>folder.gif</href>
	      	</Icon>
	      	<Camera>
	          	<longitude>13.051684012174883</longitude>
	          	<latitude>47.817713545275176</latitude>
	          	<altitude>4162.4504608605057</altitude>
	          	<heading>359.57330339656983</heading>
	      	</Camera>
	      	<Layer>
	        	<name>建筑物</name>
	        	<Icon>
	          		<href>layers/jianzhu.png</href>
	        	</Icon>
	        	<refLayer>萨尔斯堡</refLayer>          
	      	</Layer>
	      	<Layer>
	        	<name>水面</name>
	        	<Icon>
	          		<href>layers/shuimian.png</href>
	        	</Icon>
	        	<refLayer>水面@VE_1</refLayer>          
	      	</Layer>
	    </Folder>
    </Folders>
    <Folders>123</Folders>
</layers>